{
  "timestamp": "2025-12-02T16:01:08.037048",
  "phases": {
    "baseline": {
      "phase": "baseline",
      "total_messages": 60,
      "delivered": 59,
      "delivery_rate": 98.33333333333333,
      "intercepted": 0,
      "interception_rate": 0.0,
      "avg_latency_ms": 14.705104564848215,
      "min_latency_ms": 6.963070722168871,
      "max_latency_ms": 20.535019319483265,
      "packet_loss": 1.6666666666666667
    },
    "attack": {
      "phase": "attack",
      "total_messages": 60,
      "delivered": 38,
      "delivery_rate": 63.33333333333333,
      "intercepted": 38,
      "interception_rate": 63.33333333333333,
      "avg_latency_ms": 150.00663184195713,
      "min_latency_ms": 50,
      "max_latency_ms": 271.73984053322783,
      "packet_loss": 36.666666666666664
    },
    "mitigated": {
      "phase": "mitigated",
      "total_messages": 60,
      "delivered": 56,
      "delivery_rate": 93.33333333333333,
      "intercepted": 0,
      "interception_rate": 0.0,
      "avg_latency_ms": 17.436805052464045,
      "min_latency_ms": 9.743825950590352,
      "max_latency_ms": 28.515915135960753,
      "packet_loss": 6.666666666666667
    }
  }
}