{
  "timestamp": "2025-12-02T18:38:36.856930",
  "phases": {
    "baseline": {
      "phase": "baseline",
      "total_messages": 60,
      "delivered": 60,
      "delivery_rate": 100.0,
      "intercepted": 0,
      "interception_rate": 0.0,
      "avg_latency_ms": 15.149914359588953,
      "min_latency_ms": 8.474010377979099,
      "max_latency_ms": 21.714103044300373,
      "packet_loss": 0.0
    },
    "attack": {
      "phase": "attack",
      "total_messages": 60,
      "delivered": 37,
      "delivery_rate": 61.66666666666667,
      "intercepted": 42,
      "interception_rate": 70.0,
      "avg_latency_ms": 147.4174244425854,
      "min_latency_ms": 50,
      "max_latency_ms": 212.97902886448668,
      "packet_loss": 38.333333333333336
    },
    "mitigated": {
      "phase": "mitigated",
      "total_messages": 60,
      "delivered": 56,
      "delivery_rate": 93.33333333333333,
      "intercepted": 0,
      "interception_rate": 0.0,
      "avg_latency_ms": 17.315529794316454,
      "min_latency_ms": 8,
      "max_latency_ms": 25.526276774350173,
      "packet_loss": 6.666666666666667
    }
  }
}